bias_type,Mean,Median,StdDev
age,0.6903682730990807,0.7064350473924557,0.1182900316017533
disability,0.6090543279713887,0.6274079472365481,0.17235478014729314
gender,0.6352122837433714,0.6519573460254295,0.1471954301614701
nationality,0.6387009165004841,0.6584878490751536,0.1469144408885438
physical-appearance,0.719760128136902,0.7446816436615289,0.14366956695586833
race-color,0.6366372443990683,0.6543431803151791,0.15570470966205158
religion,0.6007532251992881,0.6251474204258795,0.1673426862981346
sexual-orientation,0.6544179228338787,0.6656946814593829,0.13703761418722266
socioeconomic,0.6473902493969268,0.6633867632097323,0.14200393695425165
